0,"shoot (v)
",0
1,"shot (n)
",1
2,"fire (torpedo、rocket、missile)(v)
",2
3,"gunner (n)
",3
4,"love、one who is loved (n)
",4
5,"metal (n)
",5
6,"honor (n)
",6
7,"honored、with honor (adv)
",7
8,"orbit (v)
",8
9,"sit (v)
",9
10,"suffer (v)
",10
11,"deflectors (n)
",11
12,"rifle (n)
",12
13,"watch (v)
",13
14,"be pleased (v)
",14
15,"pleasure (n)
",15
16,"be displeased (v)
",16
17,"years ago (n)
",17
18,"agony (n)
",18
19,"complain、object、gripe (v)
",19
20,"crew、crewman (n)
",20
21,"be irritable (v)
",21
22,"female、woman (n)
",22
23,"girl (n)
",23
24,"wife (n)
",24
25,"sister (n)
",25
26,"half (n)
",26
27,"prison、jail (n)
",27
28,"they、them (incapable of language)(pro)
",28
29,"area below、area under (n)
",29
30,"hundred thousand (num)
",30
31,"water (n)
",31
32,"river (n)
",32
33,"ocean (n)
",33
34,"be cold (v)
",34
35,"be nervous、uneasy (v)
",35
36,"break (rules)(v)
",36
37,"module (n)
",37
38,"shine、be shiny (v)
",38
39,"be born (v)
",39
40,"be impatient (v)
",40
41,"nag (v)
",41
42,"accidentally、by accident (adv)
",42
43,"alliance (n)
",43
44,"aide (n)
",44
45,"assist (v)
",45
46,"aide-de-camp (n)
",46
47,"revenge (n)
",47
48,"collect (v)
",48
49,"prevent、block、prohibit (v)
",49
50,"center、middle (n)
",50
51,"era (n)
",51
52,"court (n)
",52
53,"be lazy (v)
",53
54,"quit (v)
",54
55,"threaten (v)
",55
56,"stomach (n)
",56
57,"concentrate on、focus on、think only about (v)
",57
58,"dirt under fingernails (n)
",58
59,"classification (n)
",59
60,"classify (v)
",60
61,"sergeant (n)
",61
62,"torpedoes (n)
",62
63,"emergency (n)
",63
64,"drop (v)
",64
65,"they、them (capable of using language)(pro)
",65
66,"sky(n)
",66
67,"technician (n)
",67
68,"back (of hand)(n)
",68
69,"perhaps (adv)
",69
70,"conquer(v)
",70
71,"achieve (v)
",71
72,"achievement (n)
",72
73,"allow、permit (v)
",73
74,"how? (ques)
",74
75,"show、display (picture)(v)
",75
76,"two (num)
",76
77,"second (num)
",77
78,"day before yesterday (n)
",78
79,"day after tomorrow (n)
",79
80,"twice (adv)
",80
81,"dilithium (n)
",81
82,"dilithium crystal (n)
",82
83,"be drunk、intoxicated (v)
",83
84,"return (v)
",84
85,"defect (v)
",85
86,"add (v)
",86
87,"build up、take form (v)
",87
88,"prosper、be prosperous (v)
",88
89,"establish、set up (v)
",89
90,"tolerate (v)
",90
91,"torpedo tube (n)
",91
92,"separate (v)
",92
93,"rule、reign、run (v)
",93
94,"purposely、on purpose、intentionally (adv)
",94
95,"admit (v)
",95
96,"navigate (v)
",96
97,"navigator (n)
",97
98,"be empty、deserted、uninhabited (v)
",98
99,"cut、trim (hair)(v)
",99
100,"temple (structure)(n)
",100
101,"be white (v)
",101
102,"alter、change (v)
",102
103,"change (n)
",103
104,"close in、get closer、come nearer (v)
",104
105,"ponytail holder (n)
",105
106,"bartender (n)
",106
107,"be vertical (v)
",107
108,"bite (v)
",108
109,"preserve (v)
",109
110,"belly (n)
",110
111,"eight (num)
",111
112,"eighth (num)
",112
113,"desert (v)
",113
114,"twilight (n)
",114
115,"murder (v)
",115
116,"specimen (n)
",116
117,"ice (n)
",117
118,"be innocent (v)
",118
119,"meteor (n)
",119
120,"accelerate (v)
",120
121,"recommend、suggest (v)
",121
122,"range、distance (n)
",122
123,"nobility (n)
",123
124,"be noisy (v)
",124
125,"law (n)
",125
126,"be left over (v)
",126
127,"leftovers (grammatical term)(n)
",127
128,"thrusters (n)
",128
129,"be new (v)
",129
130,"engage、activate (a device)(v)
",130
131,"be absent (v)
",131
132,"now (adv)
",132
133,"be interesting (v)
",133
134,"be boring (v)
",134
135,"occupy (military term)(v)
",135
136,"nonsense (n)
",136
137,"eavesdrop (v)
",137
138,"ponytail (n)
",138
139,"boot (n)
",139
140,"boot spike (n)
",140
141,"everywhere (n)
",141
142,"revolt (v)
",142
143,"revolt、revolution (n)
",143
144,"corporal (rank)(n)
",144
145,"desert (n)
",145
146,"surround (v)
",146
147,"helm (n)
",147
148,"helmsman (n)
",148
149,"collapse (v)
",149
150,"describe (v)
",150
151,"Denebia (n)
",151
152,"Denebian (n)
",152
153,"Qatlh Denebian slime devil (n)
",153
154,"being (nonhumanoid)(n)
",154
155,"credit (monetary unit)(n)
",155
156,"arm (body part)(n)
",156
157,"lead、guide (v)
",157
158,"data、information (n)
",158
159,"computer (n)
",159
160,"privilege (n)
",160
161,"certainty (n)
",161
162,"pay for (v)
",162
163,"trillium (n)
",163
164,"spin (v)
",164
165,"noun (n)
",165
166,"skin (n)
",166
167,"cave (n)
",167
168,"confess (v)
",168
169,"year (Klingon)(n)
",169
170,"be guilty (v)
",170
171,"federation、organization (n)
",171
172,"Federation battle cruiser (n)
",172
173,"velocity (n)
",173
174,"be rude (v)
",174
175,"thing (n)
",175
176,"be foolish、silly (v)
",176
177,"unconditional surrender (n)
",177
178,"back away from、back off、get away from (v)
",178
179,"be impressive (v)
",179
180,"entity (n)
",180
181,"radan (crude dilithium crystal)(n)
",181
182,"be parallel、go parallel to (v)
",182
183,"side (n)
",183
184,"be orange、red (v)
",184
185,"claim (territory)(v)
",185
186,"escort (v)
",186
187,"target (n)
",187
188,"status (n)
",188
189,"be tired (v)
",189
190,"Troyius (n)
",190
191,"be fortunate、lucky (v)
",191
192,"luckily、with luck (adv)
",192
193,"back (of body)(n)
",193
194,"improve (v)
",194
195,"mix (v)
",195
196,"be vigilant (v)
",196
197,"be possible (v)
",197
198,"possibility、option (n)
",198
199,"instincts (n)
",199
200,"ship、vessel (n)
",200
201,"nap (v)
",201
202,"be wonderful、great (v)
",202
203,"area above、area overhead (n)
",203
204,"strategy (n)
",204
205,"stab (v)
",205
206,"torpedo tube (n)
",206
207,"school (n)
",207
208,"advance (v)
",208
209,"agent、emissary (n)
",209
210,"be defective (v)
",210
211,"defect (n)
",211
212,"farm (n)
",212
213,"gargle (v)
",213
214,"he、she、him、her (pro)
",214
215,"have、possess (v)
",215
216,"or、either/or (joining nouns)(conj)
",216
217,"contribute (v)
",217
218,"conduct diplomacy (v)
",218
219,"diplomacy (n)
",219
220,"serpent、worm (n)
",220
221,"diplomat (n)
",221
222,"dominate (v)
",222
223,"be rough (v)
",223
224,"midnight snack (n)
",224
225,"consent (v)
",225
226,"nose (n)
",226
227,"necklace (n)
",227
228,"be messy、sloppy (v)
",228
229,"scare (v)
",229
230,"exile (v)
",230
231,"court-martial (v)
",231
232,"vacation、take a vacation (v)
",232
233,"descend (v)
",233
234,"manuscript (n)
",234
235,"write (v)
",235
236,"circle (n)
",236
237,"ethics (n)
",237
238,"no (answer to a question)(excl)
",238
239,"destination (n)
",239
240,"stuff (v)
",240
241,"voice (n)
",241
242,"argue、dispute (v)
",242
243,"learn (v)
",243
244,"teach、instruct (v)
",244
245,"student (n)
",245
246,"opponent、adversary (n)
",246
247,"group、party (n)
",247
248,"meet、encounter、assemble、rendezvous (v)
",248
249,"scatter、disperse (v)
",249
250,"crowd (n)
",250
251,"abuse (n)
",251
252,"abuse (v)
",252
253,"hand (n)
",253
254,"asteroid (n)
",254
255,"spy (v)
",255
256,"spy (n)
",256
257,"break (v)
",257
258,"surface (of a planet)(n)
",258
259,"when? (ques)
",259
260,"approach、go away from、proceed、come、follow (a course)(v)
",260
261,"thrust (v)
",261
262,"person (humanoid)(n)
",262
263,"recognize (v)
",263
264,"step on (v)
",264
265,"sublight speed (n)
",265
266,"baby (n)
",266
267,"alert (n)
",267
268,"prepare for、be alerted to (v)
",268
269,"alert、warn (v)
",269
270,"alarm (n)
",270
271,"alarm、sound an alarm (v)
",271
272,"program (a computer)(v)
",272
273,"be hungry (v)
",273
274,"swallow (v)
",274
275,"increase (v)
",275
276,"be prepared、ready (to launch)(v)
",276
277,"situation (n)
",277
278,"be smooth (v)
",278
279,"data transceiving device (n)
",279
280,"be developed (e.g.、civilization)(v)
",280
281,"study (v)
",281
282,"laugh (v)
",282
283,"dread (v)
",283
284,"source (n)
",284
285,"nacelle (n)
",285
286,"matter (n)
",286
287,"surgery (n)
",287
288,"saccharin (n)
",288
289,"believe (v)
",289
290,"visual display (n)
",290
291,"be illegal (v)
",291
292,"temperature (n)
",292
293,"country、countryside (n)
",293
294,"flee、get out (v)
",294
295,"duel (v)
",295
296,"let’s go、come on (excl)
",296
297,"animal (n)
",297
298,"course、route (n)
",298
299,"intend、mean to (v)
",299
300,"retreat (v)
",300
301,"parallel course (n)
",301
302,"die (v)
",302
303,"be fatal (v)
",303
304,"edge (n)
",304
305,"rob (v)
",305
306,"be proud (v)
",306
307,"comply (v)
",307
308,"medicine (n)
",308
309,"commit a crime (v)
",309
310,"crime (n)
",310
311,"criminal (n)
",311
312,"receive (v)
",312
313,"smell、emit odor (v)
",313
314,"stink (v)
",314
315,"handgun (n)
",315
316,"airlock (n)
",316
317,"menu (n)
",317
318,"fight dirty (v)
",318
319,"yes、true (answer to yes/no question)(excl)
",319
320,"uniform (n)
",320
321,"liquor (n)
",321
322,"yes、true (answer to yes/no question)(excl)
",322
323,"attack (v)
",323
324,"glass (tumbler)(n)
",324
325,"dictator (n)
",325
326,"dictatorship (n)
",326
327,"yawn (v)
",327
328,"everyone、all、everything (n)
",328
329,"captain (n)
",329
330,"week (Klingon)(n)
",330
331,"kill (v)
",331
332,"commit suicide (v)
",332
333,"be cautious (v)
",333
334,"language (n)
",334
335,"bone (n)
",335
336,"doubt (v)
",336
337,"impulse power (n)
",337
338,"be remote、far (v)
",338
339,"expedition (n)
",339
340,"tricorder (n)
",340
341,"be strong (v)
",341
342,"strength、energy、power (n)
",342
343,"energy field (n)
",343
344,"energy beings (n)
",344
345,"be powerful (v)
",345
346,"touch、feel (v)
",346
347,"project、put on (screen)(v)
",347
348,"scan (v)
",348
349,"scanner (n)
",349
350,"star (n)
",350
351,"star system (n)
",351
352,"congratulate (v)
",352
353,"admire (v)
",353
354,"tooth (n)
",354
355,"toothache (n)
",355
356,"zoo (n)
",356
357,"defend (v)
",357
358,"defense (n)
",358
359,"money (n)
",359
360,"mountain、hill (n)
",360
361,"throat (n)
",361
362,"be strange (v)
",362
363,"charge (up)(v)
",363
364,"be sticky (v)
",364
365,"human (n)
",365
366,"security (n)
",366
367,"punish (v)
",367
368,"transact (v)
",368
369,"outside (n)
",369
370,"be dark (v)
",370
371,"pickle (cucumber)(n)
",371
372,"hang (v)
",372
373,"nine (num)
",373
374,"ninth (num)
",374
375,"be clear、not obstructed (v)
",375
376,"eyebrow (n)
",376
377,"days ago (n)
",377
378,"get up (v)
",378
379,"serve (food)(v)
",379
380,"data transmission (n)
",380
381,"scream、cry out、shout、yell (v)
",381
382,"enemy (n)
",382
383,"go (v)
",383
384,"day (from dawn to dawn)(n)
",384
385,"dawn (n)
",385
386,"device (n)
",386
387,"answer、reply (v)
",387
388,"be bold (v)
",388
389,"month (Klingon)(n)
",389
390,"tongue (n)
",390
391,"speak (v)
",391
392,"six (num)
",392
393,"sixth (num)
",393
394,"chat (v)
",394
395,"lord (n)
",395
396,"tell、report (v)
",396
397,"discuss、confer (v)
",397
398,"also、and (joining nouns)(conj)
",398
399,"disguise (v)
",399
400,"surrender、give up (v)
",400
401,"be absentminded (v)
",401
402,"be sharp (v)
",402
403,"be high (v)
",403
404,"be self-confident (v)
",404
405,"participate (v)
",405
406,"storm (v)
",406
407,"defeat (v)
",407
408,"buy、purchase (v)
",408
409,"feed (someone else)(v)
",409
410,"hair (on head)(n)
",410
411,"I、me (pro)
",411
412,"viewing screen (n)
",412
413,"cooperate (v)
",413
414,"neighbor (n)
",414
415,"project (n)
",415
416,"penalty (n)
",416
417,"be ignorant (v)
",417
418,"resources (n)
",418
419,"be harmful (v)
",419
420,"stoop (v)
",420
421,"lord (n)
",421
422,"area between (n)
",422
423,"consul (n)
",423
424,"beam (aboard)(v)
",424
425,"transport beam (n)
",425
426,"transport room (n)
",426
427,"transporter ionizer unit (n)
",427
428,"capture (v)
",428
429,"engine (n)
",429
430,"engineer (n)
",430
431,"flap、flutter、wave (v)
",431
432,"or、and/or (joining nouns)(conj)
",432
433,"flag (n)
",433
434,"explode (v)
",434
435,"explosive (n)
",435
436,"gossip (v)
",436
437,"rumor、gossip (n)
",437
438,"be calm (v)
",438
439,"be uneasy (v)
",439
440,"take down (v)
",440
441,"torture (v)
",441
442,"machinery (n)
",442
443,"be immortal (v)
",443
444,"be mortal (v)
",444
445,"home (n)
",445
446,"be odd (v)
",446
447,"evade、take evasive action (v)
",447
448,"friend (n)
",448
449,"overtake、pass (v)
",449
450,"measure (v)
",450
451,"transmit data (away from a place)(v)
",451
452,"exaggerate (v)
",452
453,"read (v)
",453
454,"ability (n)
",454
455,"accept (v)
",455
456,"acceptance (n)
",456
457,"religion (n)
",457
458,"be dirty (v)
",458
459,"dirt (n)
",459
460,"place (v)
",460
461,"be thin (v)
",461
462,"fire、energize (e.g.、thrusters)(v)
",462
463,"smell、sense odors (v)
",463
464,"factory (n)
",464
465,"be many (v)
",465
466,"promise (v)
",466
467,"commander (n)
",467
468,"see (v)
",468
469,"maintain (v)
",469
470,"maintenance (n)
",470
471,"get out、take out (v)
",471
472,"roam、travel、rove (v)
",472
473,"trip、voyage (n)
",473
474,"rover (grammatical term)(n)
",474
475,"switch (n)
",475
476,"days from now (n)
",476
477,"rest、relax (v)
",477
478,"shore leave (n)
",478
479,"be hard (like a rock)(v)
",479
480,"be special、exceptional (v)
",480
481,"ride (v)
",481
482,"introduce (v)
",482
483,"forget (v)
",483
484,"panic (v)
",484
485,"espionage (n)
",485
486,"produce (v)
",486
487,"round up (v)
",487
488,"adjust (v)
",488
489,"comet (n)
",489
490,"be useful (v)
",490
491,"transmit data (to a place)(v)
",491
492,"obey (v)
",492
493,"disobey (v)
",493
494,"mustache (n)
",494
495,"male、man (n)
",495
496,"boy (n)
",496
497,"husband (n)
",497
498,"brother (n)
",498
499,"space (n)
",499
500,"administer (v)
",500
501,"administration (n)
",501
502,"be all gone (v)
",502
503,"door、gate (n)
",503
504,"attitude-control thrusters (n)
",504
505,"corpse (n)
",505
506,"abandon (v)
",506
507,"celebrate (v)
",507
508,"slightly、a little bit (adv)
",508
509,"four (num)
",509
510,"wait (for)(v)
",510
511,"fourth (num)
",511
512,"quadrotriticale (n)
",512
513,"catastrophe (n)
",513
514,"rebel (v)
",514
515,"rebel (n)
",515
516,"guess (v)
",516
517,"use (v)
",517
518,"be valuable (v)
",518
519,"be worthless (v)
",519
520,"equipment、gear (n)
",520
521,"be right、correct (v)
",521
522,"yank (v)
",522
523,"fail (v)
",523
524,"refuge (n)
",524
525,"postpone、procrastinate (v)
",525
526,"second (of time)(n)
",526
527,"transport (v)
",527
528,"yes、okay、I will (excl)
",528
529,"pupil (of eye)(n)
",529
530,"tradition (n)
",530
531,"story (n)
",531
532,"be primitive (v)
",532
533,"yes、okay、I will (excl)
",533
534,"treaty (n)
",534
535,"be small (v)
",535
536,"betray (v)
",536
537,"traitor (n)
",537
538,"ten (number-forming element)(num)
",538
539,"we、us (pro)
",539
540,"good (expressing satisfaction)(excl)
",540
541,"well done、very good (excl)
",541
542,"business (n)
",542
543,"soldier (n)
",543
544,"army (n)
",544
545,"proclaim (v)
",545
546,"moon (n)
",546
547,"prefer (v)
",547
548,"moonlight (n)
",548
549,"gunner (n)
",549
550,"paper clip (n)
",550
551,"offend (v)
",551
552,"be crazy (v)
",552
553,"be fair (v)
",553
554,"battle (n)
",554
555,"battle cruiser (n)
",555
556,"battle array (n)
",556
557,"accommodate (v)
",557
558,"guest (n)
",558
559,"trade (v)
",559
560,"lunch (n)
",560
561,"bridge (of a ship)(n)
",561
562,"catalog (n)
",562
563,"plastic (n)
",563
564,"reason (n)
",564
565,"reason (v)
",565
566,"burn (v)
",566
567,"surprise (v)
",567
568,"stop、cease (v)
",568
569,"sector、zone (n)
",569
570,"colony (n)
",570
571,"be evil (v)
",571
572,"delay (v)
",572
573,"eye (n)
",573
574,"be rich (v)
",574
575,"machinery (n)
",575
576,"chain (n)
",576
577,"be confused、mixed up (v)
",577
578,"confusion (n)
",578
579,"confuse (v)
",579
580,"helmet (n)
",580
581,"brag (v)
",581
582,"number (n)
",582
583,"be alone (v)
",583
584,"superior (n)
",584
585,"hurry (v)
",585
586,"be frustrated (v)
",586
587,"be ugly (v)
",587
588,"prefix (n)
",588
589,"become (v)
",589
590,"suffix (n)
",590
591,"bury (v)
",591
592,"grave (n)
",592
593,"capital (of a place)(n)
",593
594,"neck (n)
",594
595,"collar (n)
",595
596,"robe (n)
",596
597,"sphere (n)
",597
598,"compromise (v)
",598
599,"be usual (v)
",599
600,"be unusual (v)
",600
601,"slingshot (n)
",601
602,"cage (n)
",602
603,"be legal (v)
",603
604,"present (v)
",604
605,"presentation (n)
",605
606,"atmosphere (n)
",606
607,"translate (v)
",607
608,"mugato (n)
",608
609,"translator (n)
",609
610,"execute、put to death (v)
",610
611,"be wrong (v)
",611
612,"be stubborn (v)
",612
613,"origin (n)
",613
614,"impact、strike (v)
",614
615,"hate、detest (v)
",615
616,"be selfish (v)
",616
617,"species (n)
",617
618,"join (v)
",618
619,"word (n)
",619
620,"dictionary (n)
",620
621,"vocabulary (n)
",621
622,"sentence (n)
",622
623,"plan (v)
",623
624,"head (n)
",624
625,"here、hereabouts (n)
",625
626,"rock、stone (n)
",626
627,"dream (v)
",627
628,"be simple (v)
",628
629,"appear (v)
",629
630,"be vicious (v)
",630
631,"paper (n)
",631
632,"squadron (n)
",632
633,"access (v)
",633
634,"marry (wife does this)(v)
",634
635,"course、dish (at a meal)(n)
",635
636,"be lateral、move laterally (v)
",636
637,"soldiers (n)
",637
638,"only、merely、just (adv)
",638
639,"want (v)
",639
640,"neutral zone (n)
",640
641,"look for、seek、search for (v)
",641
642,"years from now (n)
",642
643,"lie、fib (v)
",643
644,"that (previous topic)(pro)
",644
645,"ten thousand (num)
",645
646,"yeoman (n)
",646
647,"be identical (v)
",647
648,"ammunition (n)
",648
649,"attempt、try (v)
",649
650,"right (side)(n)
",650
651,"steal (v)
",651
652,"thief (n)
",652
653,"leak (v)
",653
654,"fuel (n)
",654
655,"breakfast (n)
",655
656,"hinder、interfere (v)
",656
657,"finger (n)
",657
658,"be superior (v)
",658
659,"pajamas (n)
",659
660,"be long、lengthy (duration)(v)
",660
661,"gift (n)
",661
662,"give (v)
",662
663,"sensor (n)
",663
664,"retaliate (v)
",664
665,"writhe (v)
",665
666,"judge、estimate (v)
",666
667,"lend (v)
",667
668,"funeral (n)
",668
669,"fast、quickly (adv)
",669
670,"be rotten (v)
",670
671,"be passionate (v)
",671
672,"omit (v)
",672
673,"deodorant (n)
",673
674,"never (adv)
",674
675,"alien、foreigner (n)
",675
676,"be foreign、alien (v)
",676
677,"be famous、well known (v)
",677
678,"ancestors (n)
",678
679,"be suspect (v)
",679
680,"predecessor (n)
",680
681,"coward (n)
",681
682,"examine (v)
",682
683,"society (n)
",683
684,"weapon (n)
",684
685,"small arms (n)
",685
686,"mouth (n)
",686
687,"promote (v)
",687
688,"precede (v)
",688
689,"decrease (v)
",689
690,"Neural (n)
",690
691,"Neuralese (n)
",691
692,"what? (ques)
",692
693,"where? (ques)
",693
694,"what do you want? (greeting)(excl)
",694
695,"annoy、bother(v)
",695
696,"dignity (n)
",696
697,"ridicule (v)
",697
698,"person (humanoid)(n)
",698
699,"disappear、vanish (v)
",699
700,"debate (v)
",700
701,"inhabitant (n)
",701
702,"support (military term)(n)
",702
703,"contain (have inside)(v)
",703
704,"gunpowder (n)
",704
705,"writer’s cramp (n)
",705
706,"be counterfeit、false、fake (v)
",706
707,"valley (n)
",707
708,"be easy (v)
",708
709,"send (v)
",709
710,"infect (v)
",710
711,"forest、woods (n)
",711
712,"lake (n)
",712
713,"override (v)
",713
714,"theory (n)
",714
715,"sell (v)
",715
716,"take away (v)
",716
717,"dare (v)
",717
718,"be putrid (v)
",718
719,"borrow (v)
",719
720,"patrol (v)
",720
721,"fact (n)
",721
722,"smear (v)
",722
723,"be restless (v)
",723
724,"experiment (n)
",724
725,"experiment (v)
",725
726,"code (n)
",726
727,"goal(n)
",727
728,"cheat (v)
",728
729,"dissolve (v)
",729
730,"be fanatical (v)
",730
731,"be responsible (v)
",731
732,"be old (not new)(v)
",732
733,"cape (clothing)(n)
",733
734,"identify (v)
",734
735,"follow (rules)(v)
",735
736,"grammar (n)
",736
737,"nothing、none (n)
",737
738,"or、either/or (joining sentences)(conj)
",738
739,"zero (num)
",739
740,"gown (n)
",740
741,"resign (v)
",741
742,"book (n)
",742
743,"teachings (n)
",743
744,"dislike (v)
",744
745,"like (v)
",745
746,"socks (n)
",746
747,"system (n)
",747
748,"be urgent (v)
",748
749,"arrive (v)
",749
750,"collide (v)
",750
751,"regret (v)
",751
752,"suddenly (adv)
",752
753,"room (n)
",753
754,"there、over there、thereabouts (n)
",754
755,"snow (v)
",755
756,"keep something secret (v)
",756
757,"secret (n)
",757
758,"demolish (v)
",758
759,"daytime (n)
",759
760,"midday (n)
",760
761,"torpedo (n)
",761
762,"raise (v)
",762
763,"label (n)
",763
764,"label (v)
",764
765,"acid (n)
",765
766,"cut (v)
",766
767,"blame (v)
",767
768,"fault、blame (n)
",768
769,"ruins (n)
",769
770,"expect (v)
",770
771,"be suspicious (v)
",771
772,"often (adv)
",772
773,"be different (v)
",773
774,"boss (n)
",774
775,"spine (n)
",775
776,"Klingon writing system (n)
",776
777,"done (excl)
",777
778,"be healthy (v)
",778
779,"warp drive (n)
",779
780,"warp factor (n)
",780
781,"be fat (v)
",781
782,"morning (n)
",782
783,"hair (on body)(n)
",783
784,"plant (v)
",784
785,"be clipped (v)
",785
786,"glove (n)
",786
787,"period of time (n)
",787
788,"time (v)
",788
789,"analysis (n)
",789
790,"analyze (v)
",790
791,"keep、save (v)
",791
792,"dysentery (n)
",792
793,"persuade、convince (v)
",793
794,"name (n)
",794
795,"name、call (v)
",795
796,"indigestion (n)
",796
797,"demand、require (v)
",797
798,"body (n)
",798
799,"be open、opened (v)
",799
800,"left (side)(n)
",800
801,"open (v)
",801
802,"consequential thing、something important (n)
",802
803,"afternoon (n)
",803
804,"be excellent (v)
",804
805,"be expert、skilled (v)
",805
806,"boil (v)
",806
807,"toilet (n)
",807
808,"washroom (n)
",808
809,"dregs (n)
",809
810,"land (n)
",810
811,"be weak (v)
",811
812,"weaken (v)
",812
813,"weakling (n)
",813
814,"accusation (n)
",814
815,"accuse (v)
",815
816,"fall (v)
",816
817,"mercy (n)
",817
818,"be perfect、exact (v)
",818
819,"kick (v)
",819
820,"child、offspring (n)
",820
821,"daughter (n)
",821
822,"son (n)
",822
823,"be fed up (v)
",823
824,"be few、be several、be a handful (v)
",824
825,"sight (with gunsight)(v)
",825
826,"fly (v)
",826
827,"wreck (v)
",827
828,"nova (n)
",828
829,"phaser (n)
",829
830,"phaser rifle (n)
",830
831,"phaser crew (n)
",831
832,"phaser banks (n)
",832
833,"phaser pistol (n)
",833
834,"be bad (v)
",834
835,"face (n)
",835
836,"building、structure (n)
",836
837,"interrupt (v)
",837
838,"sir (n)
",838
839,"be corrupt (v)
",839
840,"corrupt (v)
",840
841,"foot (n)
",841
842,"prisoner (n)
",842
843,"be old (not young)(v)
",843
844,"insist (v)
",844
845,"occur、happen (v)
",845
846,"wrap (v)
",846
847,"why? (ques)
",847
848,"remember (v)
",848
849,"memory banks (n)
",849
850,"remind (v)
",850
851,"be a problem、be a hassle (v)
",851
852,"Genesis (n)
",852
853,"idea (n)
",853
854,"vacate (v)
",854
855,"resent (v)
",855
856,"be grouchy、mean (v)
",856
857,"kellicam (n)
",857
858,"bring (v)
",858
859,"ancestor (n)
",859
860,"carry、convey (v)
",860
861,"meeting (n)
",861
862,"drill (military)(n)
",862
863,"practice、train、prepare (v)
",863
864,"advice (n)
",864
865,"advise (v)
",865
866,"run、jog (v)
",866
867,"be dull、uninteresting (v)
",867
868,"crowd (v)
",868
869,"kevas (n)
",869
870,"cheek (n)
",870
871,"galaxy (n)
",871
872,"galactic rim (n)
",872
873,"condemn (v)
",873
874,"shortcut (n)
",874
875,"meet (for the first time)(v)
",875
876,"be black (v)
",876
877,"cancel (v)
",877
878,"pay attention、concentrate (v)
",878
879,"disregard (v)
",879
880,"hit (with hand、fist、implement)(v)
",880
881,"mutiny (v)
",881
882,"knee (n)
",882
883,"sign (a treaty)(v)
",883
884,"partner (n)
",884
885,"belt (n)
",885
886,"fool (n)
",886
887,"cliff (n)
",887
888,"or、and/or (joining sentences)(conj)
",888
889,"record (v)
",889
890,"arrest (v)
",890
891,"robot(n)
",891
892,"scavenge (v)
",892
893,"family (n)
",893
894,"tickle (v)
",894
895,"birthday (n)
",895
896,"plead、beg (v)
",896
897,"be rare (v)
",897
898,"kidnap (v)
",898
899,"cruise (v)
",899
900,"dandruff (n)
",900
901,"fire (n)
",901
902,"govern (v)
",902
903,"government (n)
",903
904,"history (n)
",904
905,"scold (v)
",905
906,"elder (n)
",906
907,"Council of Elders (n)
",907
908,"happen simultaneously (v)
",908
909,"be greedy (v)
",909
910,"chair (n)
",910
911,"crystal (geologic formation)(n)
",911
912,"be fierce (v)
",912
913,"theragen (n)
",913
914,"be dry (v)
",914
915,"error、mistake (n)
",915
916,"err、be mistaken、make a mistake (v)
",916
917,"help、aid (v)
",917
918,"stand (v)
",918
919,"protect (v)
",919
920,"work、function、succeed (v)
",920
921,"success (n)
",921
922,"be good (v)
",922
923,"fissure (n)
",923
924,"troops (n)
",924
925,"be popular (v)
",925
926,"be difficult (v)
",926
927,"be final、last (v)
",927
928,"destroy (n)
",928
929,"transfer (v)
",929
930,"blow one’s top (v)
",930
931,"type of animal (n)
",931
932,"ring (for finger)(n)
",932
933,"science (n)
",933
934,"science officer (n)
",934
935,"anger (n)
",935
936,"be angry、mad (v)
",936
937,"doctor、physician (n)
",937
938,"be tight (v)
",938
939,"be loose (v)
",939
940,"loosen (v)
",940
941,"tighten (v)
",941
942,"restaurant (n)
",942
943,"Klingon agonizer (n)
",943
944,"shadow (n)
",944
945,"speech (vocal sounds)(n)
",945
946,"wound (v)
",946
947,"damage、cause damage (v)
",947
948,"damage、destruction (n)
",948
949,"explain (v)
",949
950,"be stupid (v)
",950
951,"slowly (adv)
",951
952,"be inferior (v)
",952
953,"military (n)
",953
954,"be dangerous (v)
",954
955,"danger (n)
",955
956,"disagree (v)
",956
957,"agree (v)
",957
958,"maneuver (engines)(v)
",958
959,"type of animal (n)
",959
960,"make war (v)
",960
961,"experience an earthquake or tremor (v)
",961
962,"journal、log (n)
",962
963,"sleep (v)
",963
964,"be worn out (v)
",964
965,"wear out (v)
",965
966,"take care of、care for (v)
",966
967,"be sorry (v)
",967
968,"lie、recline (v)
",968
969,"disable (v)
",969
970,"hear (v)
",970
971,"no、I won’t、I refuse (excl)
",971
972,"think (v)
",972
973,"be happy (v)
",973
974,"forehead (n)
",974
975,"be unhappy (v)
",975
976,"insurrection (n)
",976
977,"disaster (n)
",977
978,"game (n)
",978
979,"play a game (v)
",979
980,"research (v)
",980
981,"communicate (v)
",981
982,"communications officer (n)
",982
983,"communicator、communications device (n)
",983
984,"be young (v)
",984
985,"engine (n)
",985
986,"conspiracy (n)
",986
987,"conspire (v)
",987
988,"be vulgar (v)
",988
989,"coordinates (n)
",989
990,"duty、quest、mission、task、chore (n)
",990
991,"force、compel (v)
",991
992,"decay (v)
",992
993,"be violent (v)
",993
994,"be trivial、trifling、unimportant (v)
",994
995,"night (n)
",995
996,"midnight (n)
",996
997,"be the same (v)
",997
998,"connect (v)
",998
999,"camp (military term)(n)
",999
1000,"passenger (n)
",1000
1001,"remain (v)
",1001
1002,"floor (n)
",1002
1003,"targets (n)
",1003
1004,"order、command (v)
",1004
1005,"commander (n)
",1005
1006,"Regulus (n)
",1006
1007,"Regulan (n)
",1007
1008,"’Iwghargh Regulan bloodworm (n)
",1008
1009,"always (adv)
",1009
1010,"play (v)
",1010
1011,"worrywart (n)
",1011
1012,"hour (n)
",1012
1013,"area beside、area next to (n)
",1013
1014,"citizen (n)
",1014
1015,"be lame (v)
",1015
1016,"energize (v)
",1016
1017,"energizer (n)
",1017
1018,"be accomplished、finished (v)
",1018
1019,"council、assembly (n)
",1019
1020,"be injured (v)
",1020
1021,"injure (v)
",1021
1022,"embassy (n)
",1022
1023,"Remus (n)
",1023
1024,"trunk (of body)(n)
",1024
1025,"population (n)
",1025
1026,"make peace (v)
",1026
1027,"peace (n)
",1027
1028,"Hom truce (n)
",1028
1029,"peace treaty (n)
",1029
1030,"beard (n)
",1030
1031,"accord (n)
",1031
1032,"Romulus (n)
",1032
1033,"Romulan (n)
",1033
1034,"be sick、ill (v)
",1034
1035,"disease (n)
",1035
1036,"infirmary (n)
",1036
1037,"put down (v)
",1037
1038,"be fat (v)
",1038
1039,"be tough (v)
",1039
1040,"fist (n)
",1040
1041,"antimatter (n)
",1041
1042,"control manually、by hand (v)
",1042
1043,"fine、tax (v)
",1043
1044,"resemble (v)
",1044
1045,"sometimes (adv)
",1045
1046,"justice (n)
",1046
1047,"be temporary (v)
",1047
1048,"decline、deteriorate (v)
",1048
1049,"expand (v)
",1049
1050,"thousand (num)
",1050
1051,"be serious (v)
",1051
1052,"be present (not absent)(v)
",1052
1053,"care (about)、be concerned (about)(v)
",1053
1054,"pet (n)
",1054
1055,"ascend (v)
",1055
1056,"fate (n)
",1056
1057,"thousand (num)
",1057
1058,"obliterate (v)
",1058
1059,"volunteer (v)
",1059
1060,"land (v)
",1060
1061,"landing party (n)
",1061
1062,"cry (v)
",1062
1063,"be varied、various (v)
",1063
1064,"variety (n)
",1064
1065,"agriculture (n)
",1065
1066,"be horizontal (v)
",1066
1067,"marry (husband does this)(v)
",1067
1068,"be clean (v)
",1068
1069,"general (rank)(n)
",1069
1070,"race (type、sort、class)(n)
",1070
1071,"control (v)
",1071
1072,"control panel (n)
",1072
1073,"cause trouble (v)
",1073
1074,"trouble (n)
",1074
1075,"breed (v)
",1075
1076,"region (n)
",1076
1077,"fault (seismic)(n)
",1077
1078,"progress (n)
",1078
1079,"Sherman’s Planet (n)
",1079
1080,"steam (n)
",1080
1081,"bandage (n)
",1081
1082,"contain (an enemy)(v)
",1082
1083,"be excited (v)
",1083
1084,"excite (v)
",1084
1085,"frequency (radio)(n)
",1085
1086,"satellite (n)
",1086
1087,"reach (v)
",1087
1088,"patient (n)
",1088
1089,"influence (v)
",1089
1090,"bend (v)
",1090
1091,"slit (v)
",1091
1092,"calculate (v)
",1092
1093,"gas (n)
",1093
1094,"endure、bear (v)
",1094
1095,"rain (v)
",1095
1096,"wonder (v)
",1096
1097,"seven (num)
",1097
1098,"seventh (num)
",1098
1099,"flood (n)
",1099
1100,"flood (v)
",1100
1101,"you (pro)
",1101
1102,"quarrel (v)
",1102
1103,"hull (n)
",1103
1104,"muscle (n)
",1104
1105,"relieve (v)
",1105
1106,"eat (v)
",1106
1107,"be closed、shut (v)
",1107
1108,"speech、lecture、address (n)
",1108
1109,"close、shut (v)
",1109
1110,"tree (n)
",1110
1111,"sabotage (v)
",1111
1112,"mother (n)
",1112
1113,"grandmother (n)
",1113
1114,"be distressed、be in distress (v)
",1114
1115,"distress call (n)
",1115
1116,"know (v)
",1116
1117,"be clumsy (v)
",1117
1118,"hide、cloak (v)
",1118
1119,"cloaking device (n)
",1119
1120,"be solid (v)
",1120
1121,"visit (v)
",1121
1122,"be green、blue、yellow (v)
",1122
1123,"ready、standing by (excl)
",1123
1124,"disturb (v)
",1124
1125,"discipline (n)
",1125
1126,"native (n)
",1126
1127,"jump (v)
",1127
1128,"resource (n)
",1128
1129,"acquire、obtain、get (v)
",1129
1130,"be toxic (v)
",1130
1131,"force field (n)
",1131
1132,"skin (v)
",1132
1133,"wind、breeze (n)
",1133
1134,"clothing (n)
",1134
1135,"negotiate (v)
",1135
1136,"fight (v)
",1136
1137,"merchant (n)
",1137
1138,"merchant ship (n)
",1138
1139,"ready、standing by (excl)
",1139
1140,"record (n)
",1140
1141,"bar、saloon、cocktail lounge (n)
",1141
1142,"be frozen (v)
",1142
1143,"freeze (v)
",1143
1144,"be at a negative angle (v)
",1144
1145,"knife、dagger (n)
",1145
1146,"be quiet (v)
",1146
1147,"exchange、substitute (v)
",1147
1148,"silence (v)
",1148
1149,"be weird (v)
",1149
1150,"exhaust (n)
",1150
1151,"poison (n)
",1151
1152,"solution (liquid)(n)
",1152
1153,"ion (n)
",1153
1154,"be civilized (v)
",1154
1155,"civilize (v)
",1155
1156,"civilization (n)
",1156
1157,"be together (v)
",1157
1158,"accomplish (v)
",1158
1159,"accomplishment (n)
",1159
1160,"emperor (n)
",1160
1161,"fill (v)
",1161
1162,"jurisdiction (n)
",1162
1163,"be true (v)
",1163
1164,"scientist (n)
",1164
1165,"wing (n)
",1165
1166,"Hovtay’ Tellun Star System (n)
",1166
1167,"deny (v)
",1167
1168,"embark (v)
",1168
1169,"space station (n)
",1169
1170,"cargo (n)
",1170
1171,"cargo carrier (n)
",1171
1172,"remove、take off (v)
",1172
1173,"Earth (n)
",1173
1174,"Terran、Earther (n)
",1174
1175,"melt (v)
",1175
1176,"prize (n)
",1176
1177,"confide (v)
",1177
1178,"vegetation (n)
",1178
1179,"insult (v)
",1179
1180,"custom (n)
",1180
1181,"ray (n)
",1181
1182,"board、go aboard (v)
",1182
1183,"be big (v)
",1183
1184,"be long、lengthy (of an object)(v)
",1184
1185,"heart (n)
",1185
1186,"be ancient (v)
",1186
1187,"grain (n)
",1187
1188,"be light (weight)(v)
",1188
1189,"enjoy (v)
",1189
1190,"fix、repair (v)
",1190
1191,"prove (v)
",1191
1192,"palm (of hand)(n)
",1192
1193,"save、rescue (v)
",1193
1194,"count (v)
",1194
1195,"so、well (excl)
",1195
1196,"deceive、trick (v)
",1196
1197,"freighter (n)
",1197
1198,"topaline (n)
",1198
1199,"be inhabited (v)
",1199
1200,"kneel (v)
",1200
1201,"climb (v)
",1201
1202,"serve (a master)(v)
",1202
1203,"servant (n)
",1203
1204,"tactics (n)
",1204
1205,"forbid (v)
",1205
1206,"soon (adv)
",1206
1207,"be ashamed (v)
",1207
1208,"maneuver (military term)(n)
",1208
1209,"shame (v)
",1209
1210,"be hot (v)
",1210
1211,"heat (n)
",1211
1212,"hope (v)
",1212
1213,"agency (n)
",1213
1214,"be soft (v)
",1214
1215,"discourage (v)
",1215
1216,"encourage (v)
",1216
1217,"minute (of time)(n)
",1217
1218,"wear (clothes)(v)
",1218
1219,"mind sifter (Klingon psychic probe)(n)
",1219
1220,"undress (v)
",1220
1221,"put on (clothes)(v)
",1221
1222,"column (n)
",1222
1223,"be patient (v)
",1223
1224,"discover、find、observe、notice (v)
",1224
1225,"be free、independent (v)
",1225
1226,"freedom、independence (n)
",1226
1227,"take (v)
",1227
1228,"chronometer (n)
",1228
1229,"be funny (v)
",1229
1230,"chase、follow (v)
",1230
1231,"depart (v)
",1231
1232,"line、rope (n)
",1232
1233,"accompany (v)
",1233
1234,"progress (v)
",1234
1235,"turn (v)
",1235
1236,"be incompetent (v)
",1236
1237,"smoke (n)
",1237
1238,"you (plural)(pro)
",1238
1239,"mine (v)
",1239
1240,"mineral (n)
",1240
1241,"miner (n)
",1241
1242,"Klingon (n)
",1242
1243,"wo’ Klingon Empire (n)
",1243
1244,"be insubordinate (v)
",1244
1245,"ask (v)
",1245
1246,"contradict (v)
",1246
1247,"marriage (n)
",1247
1248,"realize (v)
",1248
1249,"be raw、unprocessed (v)
",1249
1250,"nostril (n)
",1250
1251,"barter、bargain (v)
",1251
1252,"conglomeration (n)
",1252
1253,"wheeze (v)
",1253
1254,"exhaust (v)
",1254
1255,"breath (n)
",1255
1256,"breathe (v)
",1256
1257,"whisper (v)
",1257
1258,"drink (v)
",1258
1259,"be tempted (v)
",1259
1260,"tempt (v)
",1260
1261,"five (num)
",1261
1262,"fifth (num)
",1262
1263,"holster (n)
",1263
1264,"so、then、thus、in that case (adv)
",1264
1265,"be clever、smart、intelligent (v)
",1265
1266,"salute (v)
",1266
1267,"act、take action (v)
",1267
1268,"be aggressive (v)
",1268
1269,"hundred (num)
",1269
1270,"percent (n)
",1270
1271,"father (n)
",1271
1272,"grandfather (n)
",1272
1273,"somebody、something、anybody、anything (n)
",1273
1274,"boundary (n)
",1274
1275,"wake up、cease sleeping (v)
",1275
1276,"wake (someone) up (v)
",1276
1277,"city (n)
",1277
1278,"village (n)
",1278
1279,"garbage (n)
",1279
1280,"garbage scow (n)
",1280
1281,"dock (n)
",1281
1282,"dock (v)
",1282
1283,"war (n)
",1283
1284,"cockroach (n)
",1284
1285,"thruster (n)
",1285
1286,"whine (v)
",1286
1287,"tell the truth (v)
",1287
1288,"accumulate (v)
",1288
1289,"emperor (n)
",1289
1290,"somewhere (n)
",1290
1291,"ransom (n)
",1291
1292,"shoulder (n)
",1292
1293,"hypnotize (v)
",1293
1294,"trust、have faith in (v)
",1294
1295,"distrust (v)
",1295
1296,"choke (v)
",1296
1297,"cure (v)
",1297
1298,"propel (v)
",1298
1299,"hostage (n)
",1299
1300,"opinion (n)
",1300
1301,"be unconscious (v)
",1301
1302,"Vulcan (planet)(n)
",1302
1303,"Vulcan (person)(n)
",1303
1304,"work、toil (v)
",1304
1305,"pity (v)
",1305
1306,"fascinate (v)
",1306
1307,"limit (v)
",1307
1308,"cook (v)
",1308
1309,"galley (n)
",1309
1310,"respect (v)
",1310
1311,"manage (v)
",1311
1312,"manager (n)
",1312
1313,"hunt (v)
",1313
1314,"phenomenon、event、occurrence (n)
",1314
1315,"shoe (n)
",1315
1316,"obstruct (v)
",1316
1317,"be pure (v)
",1317
1318,"divide (v)
",1318
1319,"base (military term)(n)
",1319
1320,"one (num)
",1320
1321,"first (num)
",1321
1322,"yesterday (n)
",1322
1323,"tomorrow (n)
",1323
1324,"once (adv)
",1324
1325,"ten (num)
",1325
1326,"tenth (num)
",1326
1327,"be disgraced (v)
",1327
1328,"confine (v)
",1328
1329,"raid (v)
",1329
1330,"not yet (adv)
",1330
1331,"three (num)
",1331
1332,"third (num)
",1332
1333,"charming (used only ironically)(excl)
",1333
1334,"violate (v)
",1334
1335,"violation (n)
",1335
1336,"jacket、coat (n)
",1336
1337,"glow (v)
",1337
1338,"be sour (v)
",1338
1339,"myth (n)
",1339
1340,"genius (n)
",1340
1341,"be ruthless (v)
",1341
1342,"farm (v)
",1342
1343,"choice (n)
",1343
1344,"choose、select (v)
",1344
1345,"tactical display (n)
",1345
1346,"throw away (v)
",1346
1347,"pick up (v)
",1347
1348,"authority、political power (n)
",1348
1349,"chin (n)
",1349
1350,"verb (n)
",1350
1351,"be light、bright (v)
",1351
1352,"empire (n)
",1352
1353,"decide (v)
",1353
1354,"have a headache (v)
",1354
1355,"lip (n)
",1355
1356,"underground (n)
",1356
1357,"depend on、rely on (v)
",1357
1358,"tactical officer (n)
",1358
1359,"mind、brain (n)
",1359
1360,"pet、stroke (v)
",1360
1361,"toe (n)
",1361
1362,"duty station、station (n)
",1362
1363,"understand (v)
",1363
1364,"misinterpret (v)
",1364
1365,"be enough、sufficient (v)
",1365
1366,"officer (n)
",1366
1367,"ground (n)
",1367
1368,"victory、triumph (n)
",1368
1369,"be shocked、dumbfounded (v)
",1369
1370,"assembly、council (n)
",1370
1371,"sin (v)
",1371
1372,"be careful (v)
",1372
1373,"be careless (v)
",1373
1374,"pause (v)
",1374
1375,"vent (n)
",1375
1376,"tribble (n)
",1376
1377,"life (n)
",1377
1378,"live (v)
",1378
1379,"life signs (n)
",1379
1380,"life-support system (n)
",1380
1381,"be wet (v)
",1381
1382,"walk (v)
",1382
1383,"chew (v)
",1383
1384,"tunic (n)
",1384
1385,"harvest (v)
",1385
1386,"shield (n)
",1386
1387,"shield (v)
",1387
1388,"be brave (v)
",1388
1389,"judgment (n)
",1389
1390,"conflict (n)
",1390
1391,"be satisfied (v)
",1391
1392,"satisfy (v)
",1392
1393,"get in (v)
",1393
1394,"pants (n)
",1394
1395,"humanoid (n)
",1395
1396,"district、area (n)
",1396
1397,"invade (v)
",1397
1398,"invasion (n)
",1398
1399,"field (of land)(n)
",1399
1400,"charge (military term)(v)
",1400
1401,"be upside down (v)
",1401
1402,"fleet (of ships)(n)
",1402
1403,"chocolate (n)
",1403
1404,"be dishonest (v)
",1404
1405,"be honest (v)
",1405
1406,"festival (n)
",1406
1407,"planet (n)
",1407
1408,"planetoid (n)
",1408
1409,"United Federation of Planets (n)
",1409
1410,"push (v)
",1410
1411,"question、interrogate (v)
",1411
1412,"wave (n)
",1412
1413,"but、nevertheless、even so、however (conj)
",1413
1414,"but、nevertheless、even so、however (conj)
",1414
1415,"vein (n)
",1415
1416,"show、reveal (v)
",1416
1417,"how many? how much? (ques)
",1417
1418,"worsen (v)
",1418
1419,"guard (v)
",1419
1420,"guard (n)
",1420
1421,"sting (v)
",1421
1422,"section (n)
",1422
1423,"opportunity (n)
",1423
1424,"ready (excl)
",1424
1425,"and (joining sentences)(conj)
",1425
1426,"starship、starship class (n)
",1426
1427,"Starfleet (n)
",1427
1428,"star base (n)
",1428
1429,"enter、go in (v)
",1429
1430,"Elas (n)
",1430
1431,"cloud (n)
",1431
1432,"type of animal (n)
",1432
1433,"fore (n)
",1433
1434,"sword (n)
",1434
1435,"that (previous topic)(pro)
",1435
1436,"be beautiful、handsome (v)
",1436
1437,"listen (v)
",1437
1438,"be sincere (v)
",1438
1439,"oath (n)
",1439
1440,"vow、swear (v)
",1440
1441,"be sad (v)
",1441
1442,"calendar (n)
",1442
1443,"be depressed (v)
",1443
1444,"be advanced、highly developed (v)
",1444
1445,"altitude (n)
",1445
1446,"who? (ques)
",1446
1447,"blood (n)
",1447
1448,"tunnel (n)
",1448
1449,"invent、devise (v)
",1449
1450,"it (pro)
",1450
1451,"be thirsty (v)
",1451
1452,"verify (v)
",1452
1453,"be cunning、sly (v)
",1453
1454,"Organia (n)
",1454
1455,"rojmab Organian Peace Treaty (n)
",1455
1456,"Organian (n)
",1456
1457,"represent (v)
",1457
1458,"emissary (n)
",1458
1459,"compete (v)
",1459
1460,"ache、hurt、be sore (v)
",1460
1461,"ache、pain、sore (n)
",1461
1462,"aft (n)
",1462
1463,"be heavy (v)
",1463
1464,"have a hangover、be hung over (v)
",1464
1465,"be qualified (v)
",1465
1466,"dinner (n)
",1466
1467,"treason (n)
",1467
1468,"leg (n)
",1468
1469,"be essential、necessary (v)
",1469
1470,"officer (n)
",1470
1471,"press down (v)
",1471
1472,"million (num)
",1472
1473,universe (n),1473
